Model,RMSE,Improvement_%,Improvement_$,Rank
LightGBM,1892.0,53.894591143472624,2211.6400000000003,1
CatBoost,1982.0,51.70141630357439,2121.6400000000003,2
XGBoost,2476.0,39.6633232934663,1627.6400000000003,3
Random Forest,2907.0,29.16045267128696,1196.6400000000003,4
Linear Regression,4103.64,0.0,0.0,5
